Company, Experience, Education, Location, Link
SK㈜, 신입, 대졸↑, 경기 성남시 외, https://www.jobkorea.co.kr/Recruit/GI_Read/39759364?Oem_Code=C1&logpath=1&stext=developer&listno=1
SK㈜, 신입, 대졸↑, 경기 성남시 외, https://www.jobkorea.co.kr/Recruit/GI_Read/39759315?Oem_Code=C1&logpath=1&stext=developer&listno=2
엘에스이노베이션, 신입·경력, 학력무관, 서울 강서구 외, https://www.jobkorea.co.kr/Recruit/GI_Read/40132026?Oem_Code=C1&logpath=1&stext=developer&listno=3
㈜카카오, 경력무관, 학력무관, 경기 성남시, https://www.jobkorea.co.kr/Recruit/GI_Read/40020068?Oem_Code=C1&logpath=1&stext=developer&listno=4
㈜GS리테일, 경력3년↑, 대졸↑, 서울 영등포구, https://www.jobkorea.co.kr/Recruit/GI_Read/40143689?Oem_Code=C1&logpath=1&stext=developer&listno=5
㈜머스트잇, 경력무관, 고졸↑, 서울 강남구 외, https://www.jobkorea.co.kr/Recruit/GI_Read/39880766?Oem_Code=C1&logpath=1&stext=developer&listno=6
더블유컨셉코리아, 경력3년↑, 대졸↑, 서울 강남구, https://www.jobkorea.co.kr/Recruit/GI_Read/40146322?Oem_Code=C1&logpath=1&stext=developer&listno=7
㈜텔레센트로, 경력무관, 학력무관, 서울 금천구, https://www.jobkorea.co.kr/Recruit/GI_Read/40162729?Oem_Code=C1&logpath=1&stext=developer&listno=8
에스아이 솔루션, 신입·경력2년↑, 학력무관, 서울 금천구, https://www.jobkorea.co.kr/Recruit/GI_Read/40156852?Oem_Code=C1&logpath=1&stext=developer&listno=9
수현㈜, 신입·경력, 학력무관, 서울 강남구 외, https://www.jobkorea.co.kr/Recruit/GI_Read/40131718?Oem_Code=C1&logpath=1&stext=developer&listno=10
테크밸리㈜, 신입·경력, 학력무관, 경기 성남시, https://www.jobkorea.co.kr/Recruit/GI_Read/40105887?Oem_Code=C1&logpath=1&stext=developer&listno=11
㈜이누리평생교육원, 신입·경력, 학력무관, 서울 강서구, https://www.jobkorea.co.kr/Recruit/GI_Read/40072676?Oem_Code=C1&logpath=1&stext=developer&listno=12
㈜아이티노매즈, 신입·경력, 초대졸↑, 서울 구로구 외, https://www.jobkorea.co.kr/Recruit/GI_Read/40017580?Oem_Code=C1&logpath=1&stext=developer&listno=13
인사이드정보, 신입·경력5년↑, 대졸↑, 서울 강남구 외, https://www.jobkorea.co.kr/Recruit/GI_Read/39946087?Oem_Code=C1&logpath=1&stext=developer&listno=14
㈜토마토체인, 신입·경력, 학력무관, 서울 마포구, https://www.jobkorea.co.kr/Recruit/GI_Read/39688956?Oem_Code=C1&logpath=1&stext=developer&listno=15
한국폴리텍대학 광명융합기술교육원, 경력무관, 초대졸↑, 경기 광명시 외, https://www.jobkorea.co.kr/Recruit/GI_Read/39910610?Oem_Code=C1&logpath=1&stext=developer&listno=16
(주)요요인터렉티브, 신입·경력, 학력무관, 서울 송파구, https://www.jobkorea.co.kr/Recruit/GI_Read/40125681?Oem_Code=C1&logpath=1&stext=developer&listno=17
㈜위세아이텍, 경력무관, 학력무관, 경기 성남시, https://www.jobkorea.co.kr/Recruit/GI_Read/40043912?Oem_Code=C1&logpath=1&stext=developer&listno=18
㈜바이와이제이, 신입·경력, 학력무관, 서울 강남구, https://www.jobkorea.co.kr/Recruit/GI_Read/40010538?Oem_Code=C1&logpath=1&stext=developer&listno=19
㈜펀진, 경력무관, 학력무관, 서울 성동구, https://www.jobkorea.co.kr/Recruit/GI_Read/40105259?Oem_Code=C1&logpath=1&stext=developer&listno=20
㈜휴넷, 경력, 초대졸↑, 서울 구로구, https://www.jobkorea.co.kr/Recruit/GI_Read/40162646?Oem_Code=C1&logpath=1&stext=developer&listno=21
동국시스템즈㈜, 경력무관, 대졸↑, 서울 중구, https://www.jobkorea.co.kr/Recruit/GI_Read/40161079?Oem_Code=C1&logpath=1&stext=developer&listno=22
㈜KTSC, 경력3년↑, 초대졸↑, 서울 광진구, https://www.jobkorea.co.kr/Recruit/GI_Read/40159975?Oem_Code=C1&logpath=1&stext=developer&listno=23
엔에이치엔한국사이버결제㈜, 경력2년↑, 초대졸↑, 서울 구로구, https://www.jobkorea.co.kr/Recruit/GI_Read/40158347?Oem_Code=C1&logpath=1&stext=developer&listno=24
㈜셀바스에이아이, 신입·경력5년↑, 초대졸↑, 서울 금천구, https://www.jobkorea.co.kr/Recruit/GI_Read/40117431?Oem_Code=C1&logpath=1&stext=developer&listno=25
쌍용정보통신㈜, 경력5년↑, 초대졸↑, 서울 성동구, https://www.jobkorea.co.kr/Recruit/GI_Read/40156899?Oem_Code=C1&logpath=1&stext=developer&listno=26
동국시스템즈㈜, 경력무관, 대졸↑, 경북 포항시, https://www.jobkorea.co.kr/Recruit/GI_Read/40156028?Oem_Code=C1&logpath=1&stext=developer&listno=27
경동물류㈜, 경력, 초대졸↑, 서울 서초구, https://www.jobkorea.co.kr/Recruit/GI_Read/40152605?Oem_Code=C1&logpath=1&stext=developer&listno=28
홈플러스㈜, 경력3년↑, 학력무관, 서울 강서구, https://www.jobkorea.co.kr/Recruit/GI_Read/40152441?Oem_Code=C1&logpath=1&stext=developer&listno=29
㈜비타소프트, 신입·경력, 학력무관, 서울 구로구 외, https://www.jobkorea.co.kr/Recruit/GI_Read/40150183?Oem_Code=C1&logpath=1&stext=developer&listno=30
한일네트웍스㈜, 경력3년↑, 초대졸↑, 서울 마포구, https://www.jobkorea.co.kr/Recruit/GI_Read/40148625?Oem_Code=C1&logpath=1&stext=developer&listno=31
㈜젠솔소프트, 신입·경력3년↑, 초대졸↑, 서울 구로구, https://www.jobkorea.co.kr/Recruit/GI_Read/40142457?Oem_Code=C1&logpath=1&stext=developer&listno=32
(주)위메프, 경력2년↑, 학력무관, 서울 강남구, https://www.jobkorea.co.kr/Recruit/GI_Read/40141289?Oem_Code=C1&logpath=1&stext=developer&listno=33
비아이매트릭스, 경력2년↑, 초대졸↑, 서울 강남구, https://www.jobkorea.co.kr/Recruit/GI_Read/40139864?Oem_Code=C1&logpath=1&stext=developer&listno=34
㈜코비젼, 경력5년↑, 학력무관, 서울 강서구 외, https://www.jobkorea.co.kr/Recruit/GI_Read/40135206?Oem_Code=C1&logpath=1&stext=developer&listno=35
(재)여성기업종합지원센터, 신입·경력1년↑, 초대졸↑, 서울 금천구, https://www.jobkorea.co.kr/Recruit/GI_Read/40135010?Oem_Code=C1&logpath=1&stext=developer&listno=36
㈜트루본, 경력무관, 초대졸↑, 경기 성남시, https://www.jobkorea.co.kr/Recruit/GI_Read/40133295?Oem_Code=C1&logpath=1&stext=developer&listno=37
㈜알앤비소프트, 경력, 학력무관, 경기 성남시 외, https://www.jobkorea.co.kr/Recruit/GI_Read/40132458?Oem_Code=C1&logpath=1&stext=developer&listno=38
한국갤럽조사연구소, 경력무관, 대졸↑, 서울 종로구, https://www.jobkorea.co.kr/Recruit/GI_Read/40128379?Oem_Code=C1&logpath=1&stext=developer&listno=39
㈜포인트닉스, 신입·경력5년↑, 초대졸↑, 경기 광명시, https://www.jobkorea.co.kr/Recruit/GI_Read/40125166?Oem_Code=C1&logpath=1&stext=developer&listno=40
㈜골프존, 경력2년↑, 학력무관, 서울 강남구, https://www.jobkorea.co.kr/Recruit/GI_Read/40123691?Oem_Code=C1&logpath=1&stext=developer&listno=41
엔에이치엔커머스㈜, 경력3년↑, 학력무관, 부산 중구, https://www.jobkorea.co.kr/Recruit/GI_Read/40116455?Oem_Code=C1&logpath=1&stext=developer&listno=42
㈜판도라티비, 경력3년↑, 학력무관, 경기 성남시, https://www.jobkorea.co.kr/Recruit/GI_Read/40114795?Oem_Code=C1&logpath=1&stext=developer&listno=43
㈜판도라티비, 경력3년↑, 학력무관, 경기 성남시, https://www.jobkorea.co.kr/Recruit/GI_Read/40114774?Oem_Code=C1&logpath=1&stext=developer&listno=44
㈜판도라티비, 경력2년↑, 학력무관, 경기 성남시, https://www.jobkorea.co.kr/Recruit/GI_Read/40114762?Oem_Code=C1&logpath=1&stext=developer&listno=45
리치앤타임㈜, 신입·경력, 초대졸↑, 대전 유성구, https://www.jobkorea.co.kr/Recruit/GI_Read/40107626?Oem_Code=C1&logpath=1&stext=developer&listno=46
한국능률협회컨설팅, 경력, 초대졸↑, 서울 영등포구, https://www.jobkorea.co.kr/Recruit/GI_Read/40099843?Oem_Code=C1&logpath=1&stext=developer&listno=47
(주)위메프, 경력5년↑, 학력무관, 서울 강남구, https://www.jobkorea.co.kr/Recruit/GI_Read/40098595?Oem_Code=C1&logpath=1&stext=developer&listno=48
㈜위닉스정보, 신입·경력, 초대졸↑, 서울 성동구 외, https://www.jobkorea.co.kr/Recruit/GI_Read/40098545?Oem_Code=C1&logpath=1&stext=developer&listno=49
㈜리치앤코, 경력3년↑, 학력무관, 서울 중구 외, https://www.jobkorea.co.kr/Recruit/GI_Read/40098262?Oem_Code=C1&logpath=1&stext=developer&listno=50
㈜리치앤코, 경력3년↑, 학력무관, 서울 중구 외, https://www.jobkorea.co.kr/Recruit/GI_Read/40098238?Oem_Code=C1&logpath=1&stext=developer&listno=51
㈜천재교육, 경력3년↑, 학력무관, 서울 금천구, https://www.jobkorea.co.kr/Recruit/GI_Read/40096933?Oem_Code=C1&logpath=1&stext=developer&listno=52
㈜핑거, 경력5년↑, 초대졸↑, 서울, https://www.jobkorea.co.kr/Recruit/GI_Read/40095626?Oem_Code=C1&logpath=1&stext=developer&listno=53
㈜브이원텍, 신입·경력9년↑, 초대졸↑, 경기 수원시, https://www.jobkorea.co.kr/Recruit/GI_Read/40092350?Oem_Code=C1&logpath=1&stext=developer&listno=54
그레이트북스, 경력5년↑, 초대졸↑, 서울 구로구 외, https://www.jobkorea.co.kr/Recruit/GI_Read/40092175?Oem_Code=C1&logpath=1&stext=developer&listno=55
㈜바로크레디트대부, 신입·경력3년↑, 학력무관, 서울 영등포구, https://www.jobkorea.co.kr/Recruit/GI_Read/40091590?Oem_Code=C1&logpath=1&stext=developer&listno=56
(주)위메프, 경력3년↑, 학력무관, 서울 강남구, https://www.jobkorea.co.kr/Recruit/GI_Read/40088226?Oem_Code=C1&logpath=1&stext=developer&listno=57
(주)위메프, 경력3년↑, 학력무관, 서울 강남구, https://www.jobkorea.co.kr/Recruit/GI_Read/40088041?Oem_Code=C1&logpath=1&stext=developer&listno=58
원스토어, 경력5년↑, 학력무관, 경기 성남시, https://www.jobkorea.co.kr/Recruit/GI_Read/40082465?Oem_Code=C1&logpath=1&stext=developer&listno=59
㈜소유 코퍼레이션, 경력2년↑, 학력무관, 서울 마포구 외, https://www.jobkorea.co.kr/Recruit/GI_Read/40080885?Oem_Code=C1&logpath=1&stext=developer&listno=60
교육지대㈜, 경력, 학력무관, 서울 구로구, https://www.jobkorea.co.kr/Recruit/GI_Read/40080614?Oem_Code=C1&logpath=1&stext=developer&listno=61
㈜이엠넷, 경력, 대졸↑, 서울 구로구 외, https://www.jobkorea.co.kr/Recruit/GI_Read/40077447?Oem_Code=C1&logpath=1&stext=developer&listno=62
경향신문, 신입·경력2년↑, 학력무관, 서울 중구, https://www.jobkorea.co.kr/Recruit/GI_Read/40074584?Oem_Code=C1&logpath=1&stext=developer&listno=63
㈜이지서티, 신입·경력, 초대졸↑, 광주 동구 외, https://www.jobkorea.co.kr/Recruit/GI_Read/40073335?Oem_Code=C1&logpath=1&stext=developer&listno=64
오상자이엘 ㈜, 신입·경력, 초대졸↑, 경남 창원시, https://www.jobkorea.co.kr/Recruit/GI_Read/40067925?Oem_Code=C1&logpath=1&stext=developer&listno=65
(주)위메프, 경력2년↑, 학력무관, 서울 강남구, https://www.jobkorea.co.kr/Recruit/GI_Read/40061277?Oem_Code=C1&logpath=1&stext=developer&listno=66
㈜비즈테크아이, 경력2년↑, 학력무관, 서울 마포구 외, https://www.jobkorea.co.kr/Recruit/GI_Read/40043945?Oem_Code=C1&logpath=1&stext=developer&listno=67
㈜네오리진, 경력4년↑, 초대졸↑, 서울 강남구, https://www.jobkorea.co.kr/Recruit/GI_Read/40042457?Oem_Code=C1&logpath=1&stext=developer&listno=68
㈜네오리진, 경력무관, 학력무관, 서울 강남구, https://www.jobkorea.co.kr/Recruit/GI_Read/40042450?Oem_Code=C1&logpath=1&stext=developer&listno=69
엔에이치엔한국사이버결제㈜, 경력2년↑, 초대졸↑, 서울 구로구, https://www.jobkorea.co.kr/Recruit/GI_Read/40035369?Oem_Code=C1&logpath=1&stext=developer&listno=70
㈜코리아센터, 경력무관, 학력무관, 서울 금천구 외, https://www.jobkorea.co.kr/Recruit/GI_Read/40032649?Oem_Code=C1&logpath=1&stext=developer&listno=71
㈜휴넷, 경력, 초대졸↑, 서울 구로구, https://www.jobkorea.co.kr/Recruit/GI_Read/40029456?Oem_Code=C1&logpath=1&stext=developer&listno=72
㈜투바앤, 경력1년↑, 학력무관, 서울 종로구, https://www.jobkorea.co.kr/Recruit/GI_Read/40027623?Oem_Code=C1&logpath=1&stext=developer&listno=73
㈜웅진씽크빅, 경력3년↑, 학력무관, 서울 중구, https://www.jobkorea.co.kr/Recruit/GI_Read/40025086?Oem_Code=C1&logpath=1&stext=developer&listno=74
㈜웅진씽크빅, 경력5년↑, 학력무관, 서울 중구, https://www.jobkorea.co.kr/Recruit/GI_Read/40025082?Oem_Code=C1&logpath=1&stext=developer&listno=75
㈜웅진씽크빅, 경력3년↑, 학력무관, 서울 중구, https://www.jobkorea.co.kr/Recruit/GI_Read/40025080?Oem_Code=C1&logpath=1&stext=developer&listno=76
㈜웅진씽크빅, 경력3년↑, 학력무관, 서울 중구, https://www.jobkorea.co.kr/Recruit/GI_Read/40025076?Oem_Code=C1&logpath=1&stext=developer&listno=77
㈜웅진씽크빅, 경력3년↑, 학력무관, 서울 중구, https://www.jobkorea.co.kr/Recruit/GI_Read/40025075?Oem_Code=C1&logpath=1&stext=developer&listno=78
한겨레신문사, 경력3년↑, 학력무관, 서울 마포구, https://www.jobkorea.co.kr/Recruit/GI_Read/40023829?Oem_Code=C1&logpath=1&stext=developer&listno=79
㈜ 위사, 신입·경력, 학력무관, 서울 강남구, https://www.jobkorea.co.kr/Recruit/GI_Read/40020522?Oem_Code=C1&logpath=1&stext=developer&listno=80
㈜틸론, 경력무관, 학력무관, 서울 강서구, https://www.jobkorea.co.kr/Recruit/GI_Read/40003210?Oem_Code=C1&logpath=1&stext=developer&listno=81
㈜디지캡, 경력, 초대졸↑, 서울 강서구, https://www.jobkorea.co.kr/Recruit/GI_Read/40002382?Oem_Code=C1&logpath=1&stext=developer&listno=82
㈜한드림넷, 경력무관, 대졸↑, 경기 의왕시, https://www.jobkorea.co.kr/Recruit/GI_Read/39999862?Oem_Code=C1&logpath=1&stext=developer&listno=83
㈜엠큐닉, 경력5년↑, 초대졸↑, 세종 전지역, https://www.jobkorea.co.kr/Recruit/GI_Read/39995714?Oem_Code=C1&logpath=1&stext=developer&listno=84
(재) 한국의학연구소, 경력무관, 초대졸↑, 서울 종로구, https://www.jobkorea.co.kr/Recruit/GI_Read/39994642?Oem_Code=C1&logpath=1&stext=developer&listno=85
(주)위메프, 경력무관, 학력무관, 서울 강남구, https://www.jobkorea.co.kr/Recruit/GI_Read/39986838?Oem_Code=C1&logpath=1&stext=developer&listno=86
카페24㈜, 경력5년↑, 학력무관, 서울 동작구, https://www.jobkorea.co.kr/Recruit/GI_Read/39985093?Oem_Code=C1&logpath=1&stext=developer&listno=87
㈜위메이드, 경력, 학력무관, 경기 성남시, https://www.jobkorea.co.kr/Recruit/GI_Read/39977836?Oem_Code=C1&logpath=1&stext=developer&listno=88
㈜이오테크닉스, 신입·경력, 학력무관, 경기 안양시, https://www.jobkorea.co.kr/Recruit/GI_Read/39972972?Oem_Code=C1&logpath=1&stext=developer&listno=89
쌍용정보통신㈜, 경력5년↑, 초대졸↑, 서울 강남구, https://www.jobkorea.co.kr/Recruit/GI_Read/39971741?Oem_Code=C1&logpath=1&stext=developer&listno=90
㈜이루온, 경력무관, 학력무관, 경기 성남시, https://www.jobkorea.co.kr/Recruit/GI_Read/39968339?Oem_Code=C1&logpath=1&stext=developer&listno=91
유니메드제약㈜, 경력1년↑, 초대졸↑, 서울 송파구, https://www.jobkorea.co.kr/Recruit/GI_Read/39954390?Oem_Code=C1&logpath=1&stext=developer&listno=92
㈜인지소프트, 신입·경력, 대졸↑, 서울 강남구, https://www.jobkorea.co.kr/Recruit/GI_Read/39940096?Oem_Code=C1&logpath=1&stext=developer&listno=93
㈜인콘, 신입·경력3년↑, 학력무관, 서울 강남구, https://www.jobkorea.co.kr/Recruit/GI_Read/39929130?Oem_Code=C1&logpath=1&stext=developer&listno=94
㈜디지캡, 신입·경력, 초대졸↑, 서울 강서구, https://www.jobkorea.co.kr/Recruit/GI_Read/39927834?Oem_Code=C1&logpath=1&stext=developer&listno=95
㈜유비케어, 경력5년↑, 초대졸↑, 서울 영등포구, https://www.jobkorea.co.kr/Recruit/GI_Read/39926468?Oem_Code=C1&logpath=1&stext=developer&listno=96
㈜한국몬테소리, 경력3년↑, 학력무관, 서울 서초구, https://www.jobkorea.co.kr/Recruit/GI_Read/39924835?Oem_Code=C1&logpath=1&stext=developer&listno=97
79플랫폼(79platform), 신입·경력, 학력무관, 서울 서초구 외, https://www.jobkorea.co.kr/Recruit/GI_Read/39916700?Oem_Code=C1&logpath=1&stext=developer&listno=98
㈜애드이피션시, 신입·경력1년↑, 대졸↑, 서울 서초구, https://www.jobkorea.co.kr/Recruit/GI_Read/39910814?Oem_Code=C1&logpath=1&stext=developer&listno=99
㈜휴네시온, 경력3년↑, 초대졸↑, 서울 강남구, https://www.jobkorea.co.kr/Recruit/GI_Read/39907196?Oem_Code=C1&logpath=1&stext=developer&listno=100
신한이지손해보험㈜, 경력3년↑, 대졸↑, 서울 중구, https://www.jobkorea.co.kr/Recruit/GI_Read/39904801?Oem_Code=C1&logpath=1&stext=developer&listno=101
참좋은여행㈜, 경력5년↑, 초대졸↑, 서울 중구, https://www.jobkorea.co.kr/Recruit/GI_Read/39902490?Oem_Code=C1&logpath=1&stext=developer&listno=102
㈜위트콤, 경력3년↑, 학력무관, 서울 서초구 외, https://www.jobkorea.co.kr/Recruit/GI_Read/39896611?Oem_Code=C1&logpath=1&stext=developer&listno=104
아데코코리아, 경력3년↑, 대졸↑, 인천 연수구, https://www.jobkorea.co.kr/Recruit/GI_Read/39890568?Oem_Code=C1&logpath=1&stext=developer&listno=105
㈜이지서티, 경력무관, 학력무관, 서울 강남구 외, https://www.jobkorea.co.kr/Recruit/GI_Read/39888595?Oem_Code=C1&logpath=1&stext=developer&listno=106
㈜이지서티, 경력무관, 초대졸↑, 서울 강남구 외, https://www.jobkorea.co.kr/Recruit/GI_Read/39888596?Oem_Code=C1&logpath=1&stext=developer&listno=107
(재)여성기업종합지원센터, 경력3년↑, 학력무관, 서울 강남구, https://www.jobkorea.co.kr/Recruit/GI_Read/39884000?Oem_Code=C1&logpath=1&stext=developer&listno=108
(주)마이셀럽스, 경력5년↑, 학력무관, 서울 강남구, https://www.jobkorea.co.kr/Recruit/GI_Read/39882061?Oem_Code=C1&logpath=1&stext=developer&listno=109
㈜디지캡, 경력1년↑, 대졸↑, 서울 강서구, https://www.jobkorea.co.kr/Recruit/GI_Read/39881695?Oem_Code=C1&logpath=1&stext=developer&listno=110
㈜네오플, 신입·경력, 학력무관, 제주 제주시, https://www.jobkorea.co.kr/Recruit/GI_Read/39832753?Oem_Code=C1&logpath=1&stext=developer&listno=111
㈜포이시스, 신입·경력, 초대졸↑, 서울 금천구 외, https://www.jobkorea.co.kr/Recruit/GI_Read/39874256?Oem_Code=C1&logpath=1&stext=developer&listno=112
㈜티맥스소프트, 경력무관, 대졸↑, 경기 성남시, https://www.jobkorea.co.kr/Recruit/GI_Read/39868747?Oem_Code=C1&logpath=1&stext=developer&listno=113
㈜티맥스소프트, 경력무관, 대졸↑, 경기 성남시, https://www.jobkorea.co.kr/Recruit/GI_Read/39868789?Oem_Code=C1&logpath=1&stext=developer&listno=114
㈜티맥스소프트, 경력무관, 대졸↑, 경기 성남시, https://www.jobkorea.co.kr/Recruit/GI_Read/39868772?Oem_Code=C1&logpath=1&stext=developer&listno=115
㈜티맥스소프트, 경력무관, 대졸↑, 경기 성남시, https://www.jobkorea.co.kr/Recruit/GI_Read/39868729?Oem_Code=C1&logpath=1&stext=developer&listno=116
㈜티맥스소프트, 경력무관, 대졸↑, 경기 성남시, https://www.jobkorea.co.kr/Recruit/GI_Read/39868712?Oem_Code=C1&logpath=1&stext=developer&listno=117
㈜티맥스소프트, 경력무관, 대졸↑, 경기 성남시, https://www.jobkorea.co.kr/Recruit/GI_Read/39868696?Oem_Code=C1&logpath=1&stext=developer&listno=118
㈜티맥스소프트, 경력무관, 대졸↑, 경기 성남시, https://www.jobkorea.co.kr/Recruit/GI_Read/39868589?Oem_Code=C1&logpath=1&stext=developer&listno=119
(주)에이치코비, 신입·경력5년↑, 초대졸↑, 경기 안양시, https://www.jobkorea.co.kr/Recruit/GI_Read/39860661?Oem_Code=C1&logpath=1&stext=developer&listno=120
메가존클라우드㈜, 경력3년↑, 학력무관, 서울 강남구, https://www.jobkorea.co.kr/Recruit/GI_Read/39825129?Oem_Code=C1&logpath=1&stext=developer&listno=121
메가존클라우드㈜, 경력, 학력무관, 서울 강남구, https://www.jobkorea.co.kr/Recruit/GI_Read/39825094?Oem_Code=C1&logpath=1&stext=developer&listno=122
메가존㈜, 경력3년↑, 학력무관, 서울 강남구, https://www.jobkorea.co.kr/Recruit/GI_Read/39824670?Oem_Code=C1&logpath=1&stext=developer&listno=123
㈜인스웨이브시스템즈, 경력2년↑, 초대졸↑, 서울 강서구, https://www.jobkorea.co.kr/Recruit/GI_Read/39834381?Oem_Code=C1&logpath=1&stext=developer&listno=124
㈜네오플, 신입·경력1년↑, 학력무관, 제주 제주시, https://www.jobkorea.co.kr/Recruit/GI_Read/39832763?Oem_Code=C1&logpath=1&stext=developer&listno=125
카페24㈜, 경력무관, 학력무관, 서울 동작구, https://www.jobkorea.co.kr/Recruit/GI_Read/39829939?Oem_Code=C1&logpath=1&stext=developer&listno=126
㈜이스트게임즈, 신입·경력, 학력무관, 서울 서초구, https://www.jobkorea.co.kr/Recruit/GI_Read/39803797?Oem_Code=C1&logpath=1&stext=developer&listno=127
㈜엠로, 경력3년↑, 초대졸↑, 서울 영등포구, https://www.jobkorea.co.kr/Recruit/GI_Read/39750220?Oem_Code=C1&logpath=1&stext=developer&listno=128
인크로스㈜, 경력5년↑, 대졸↑, 서울 관악구, https://www.jobkorea.co.kr/Recruit/GI_Read/39748868?Oem_Code=C1&logpath=1&stext=developer&listno=129
㈜안랩, 경력, 학력무관, 경기 성남시, https://www.jobkorea.co.kr/Recruit/GI_Read/39747911?Oem_Code=C1&logpath=1&stext=developer&listno=130
㈜핸디소프트, 신입·경력, 학력무관, 경기 안양시, https://www.jobkorea.co.kr/Recruit/GI_Read/39713099?Oem_Code=C1&logpath=1&stext=developer&listno=131
㈜이스트시큐리티, 경력2년↑, 학력무관, 서울 서초구, https://www.jobkorea.co.kr/Recruit/GI_Read/39706293?Oem_Code=C1&logpath=1&stext=developer&listno=132
㈜엔씨소프트, 경력5년↑, 학력무관, 경기 성남시, https://www.jobkorea.co.kr/Recruit/GI_Read/39683957?Oem_Code=C1&logpath=1&stext=developer&listno=133
띵스파이어, 신입·경력5년↑, 대졸↑, 서울 영등포구, https://www.jobkorea.co.kr/Recruit/GI_Read/39672962?Oem_Code=C1&logpath=1&stext=developer&listno=134
㈜이노시뮬레이션, 신입·경력, 초대졸↑, 서울 강서구, https://www.jobkorea.co.kr/Recruit/GI_Read/39672727?Oem_Code=C1&logpath=1&stext=developer&listno=135
㈜이스트소프트, 경력1년↑, 학력무관, 서울 서초구, https://www.jobkorea.co.kr/Recruit/GI_Read/39666075?Oem_Code=C1&logpath=1&stext=developer&listno=136
㈜이모션, 경력3년↑, 학력무관, 서울 강남구, https://www.jobkorea.co.kr/Recruit/GI_Read/39662356?Oem_Code=C1&logpath=1&stext=developer&listno=137
㈜제이슨그룹, 경력3년↑, 초대졸↑, 서울 용산구 외, https://www.jobkorea.co.kr/Recruit/GI_Read/39654415?Oem_Code=C1&logpath=1&stext=developer&listno=138
㈜제이슨그룹, 경력3년↑, 학력무관, 서울 용산구 외, https://www.jobkorea.co.kr/Recruit/GI_Read/39654426?Oem_Code=C1&logpath=1&stext=developer&listno=139
엘에스웨어㈜, 경력, 학력무관, 서울 금천구, https://www.jobkorea.co.kr/Recruit/GI_Read/39654562?Oem_Code=C1&logpath=1&stext=developer&listno=140
진코퍼레이션, 신입·경력2년↑, 초대졸↑, 서울 금천구 외, https://www.jobkorea.co.kr/Recruit/GI_Read/39650485?Oem_Code=C1&logpath=1&stext=developer&listno=141
㈜세윤씨앤에스, 경력무관, 학력무관, 서울 마포구, https://www.jobkorea.co.kr/Recruit/GI_Read/39649040?Oem_Code=C1&logpath=1&stext=developer&listno=142
한국정보공학, 경력3년↑, 대졸↑, 경기 성남시, https://www.jobkorea.co.kr/Recruit/GI_Read/39639828?Oem_Code=C1&logpath=1&stext=developer&listno=143
옴니시스템㈜, 경력1년↑, 초대졸↑, 서울 성동구, https://www.jobkorea.co.kr/Recruit/GI_Read/39639377?Oem_Code=C1&logpath=1&stext=developer&listno=144
㈜엔씨소프트, 경력5년↑, 학력무관, 경기 성남시, https://www.jobkorea.co.kr/Recruit/GI_Read/39628304?Oem_Code=C1&logpath=1&stext=developer&listno=145
신한이지손해보험㈜, 경력5년↑, 대졸↑, 서울 중구, https://www.jobkorea.co.kr/Recruit/GI_Read/39628102?Oem_Code=C1&logpath=1&stext=developer&listno=146
신한이지손해보험㈜, 경력2년↑, 대졸↑, 서울 중구, https://www.jobkorea.co.kr/Recruit/GI_Read/39627602?Oem_Code=C1&logpath=1&stext=developer&listno=147
㈜세일코리아넷, 경력무관, 학력무관, 서울 영등포구 외, https://www.jobkorea.co.kr/Recruit/GI_Read/39608200?Oem_Code=C1&logpath=1&stext=developer&listno=148
㈜비즈테크아이, 경력2년↑, 학력무관, 서울 마포구 외, https://www.jobkorea.co.kr/Recruit/GI_Read/39617142?Oem_Code=C1&logpath=1&stext=developer&listno=149
㈜틸론, 경력3년↑, 학력무관, 서울 강서구, https://www.jobkorea.co.kr/Recruit/GI_Read/39599976?Oem_Code=C1&logpath=1&stext=developer&listno=150
줌인터넷㈜, 신입·경력, 학력무관, 서울 서초구, https://www.jobkorea.co.kr/Recruit/GI_Read/39596887?Oem_Code=C1&logpath=1&stext=developer&listno=151
쿠도커뮤니케이션㈜, 신입·경력1년↑, 대졸↑, 서울 서초구, https://www.jobkorea.co.kr/Recruit/GI_Read/39586784?Oem_Code=C1&logpath=1&stext=developer&listno=152
㈜우대칼스, 경력3년↑, 대졸↑, 서울 서초구, https://www.jobkorea.co.kr/Recruit/GI_Read/39555803?Oem_Code=C1&logpath=1&stext=developer&listno=153
신한이지손해보험㈜, 경력5년↑, 대졸↑, 서울 중구, https://www.jobkorea.co.kr/Recruit/GI_Read/39543480?Oem_Code=C1&logpath=1&stext=developer&listno=154
㈜유디피, 경력무관, 대졸↑, 서울 강서구, https://www.jobkorea.co.kr/Recruit/GI_Read/39522856?Oem_Code=C1&logpath=1&stext=developer&listno=155
그레이트북스, 경력5년↑, 초대졸↑, 서울 구로구 외, https://www.jobkorea.co.kr/Recruit/GI_Read/39510836?Oem_Code=C1&logpath=1&stext=developer&listno=156
㈜드림씨아이에스, 경력, 초대졸↑, 서울 종로구, https://www.jobkorea.co.kr/Recruit/GI_Read/39485648?Oem_Code=C1&logpath=1&stext=developer&listno=157
홈플러스㈜, 경력3년↑, 학력무관, 서울 강서구, https://www.jobkorea.co.kr/Recruit/GI_Read/39481269?Oem_Code=C1&logpath=1&stext=developer&listno=158
㈜와이비에스, 신입·경력, 초대졸↑, 경기 성남시 외, https://www.jobkorea.co.kr/Recruit/GI_Read/39471067?Oem_Code=C1&logpath=1&stext=developer&listno=159
㈜내일투어, 경력4년↑, 학력무관, 서울 중구, https://www.jobkorea.co.kr/Recruit/GI_Read/39467088?Oem_Code=C1&logpath=1&stext=developer&listno=160
주식회사 데이터스트림즈, 신입·경력5년↑, 초대졸↑, 서울 서초구, https://www.jobkorea.co.kr/Recruit/GI_Read/39385912?Oem_Code=C1&logpath=1&stext=developer&listno=161
㈜더블다운인터액티브, 경력3년↑, 학력무관, 서울 강남구, https://www.jobkorea.co.kr/Recruit/GI_Read/39387093?Oem_Code=C1&logpath=1&stext=developer&listno=162
㈜마인즈랩, 경력7년↑, 학력무관, 경기 성남시, https://www.jobkorea.co.kr/Recruit/GI_Read/39374903?Oem_Code=C1&logpath=1&stext=developer&listno=163
넷마블(주), 경력5년↑, 대졸↑, 서울 구로구, https://www.jobkorea.co.kr/Recruit/GI_Read/39307592?Oem_Code=C1&logpath=1&stext=developer&listno=164
㈜차이커뮤니케이션, 경력1년↑, 초대졸↑, 서울 강남구, https://www.jobkorea.co.kr/Recruit/GI_Read/39357985?Oem_Code=C1&logpath=1&stext=developer&listno=165
㈜한드림넷, 신입·경력, 학력무관, 경기 의왕시, https://www.jobkorea.co.kr/Recruit/GI_Read/39306114?Oem_Code=C1&logpath=1&stext=developer&listno=166
㈜알앤비소프트, 신입·경력, 학력무관, 경기 성남시 외, https://www.jobkorea.co.kr/Recruit/GI_Read/39283473?Oem_Code=C1&logpath=1&stext=developer&listno=167
㈜시스윈로보틱스, 신입·경력, 대졸↑, 경기 화성시 외, https://www.jobkorea.co.kr/Recruit/GI_Read/39270066?Oem_Code=C1&logpath=1&stext=developer&listno=168
㈜엔씨소프트, 경력3년↑, 학력무관, 경기 성남시, https://www.jobkorea.co.kr/Recruit/GI_Read/40162087?Oem_Code=C1&logpath=1&stext=developer&listno=169
㈜엔씨소프트, 경력5년↑, 학력무관, 경기 성남시, https://www.jobkorea.co.kr/Recruit/GI_Read/40161972?Oem_Code=C1&logpath=1&stext=developer&listno=170
㈜천재교과서, 신입·경력3년↑, 초대졸↑, 서울 금천구, https://www.jobkorea.co.kr/Recruit/GI_Read/40149753?Oem_Code=C1&logpath=1&stext=developer&listno=171
㈜재능이아카데미, 신입·경력5년↑, 대졸↑, 서울 종로구, https://www.jobkorea.co.kr/Recruit/GI_Read/40157454?Oem_Code=C1&logpath=1&stext=developer&listno=172
㈜교원투어, 경력5년↑, 초대졸↑, 서울 종로구 외, https://www.jobkorea.co.kr/Recruit/GI_Read/40153467?Oem_Code=C1&logpath=1&stext=developer&listno=173
더이앤엠, 경력3년↑, 학력무관, 서울 서초구 외, https://www.jobkorea.co.kr/Recruit/GI_Read/40150792?Oem_Code=C1&logpath=1&stext=developer&listno=174
더블유컨셉코리아, 경력3년↑, 대졸↑, 서울 강남구, https://www.jobkorea.co.kr/Recruit/GI_Read/40146364?Oem_Code=C1&logpath=1&stext=developer&listno=175
㈜트윔, 신입·경력2년↑, 학력무관, 경기 화성시 외, https://www.jobkorea.co.kr/Recruit/GI_Read/40145522?Oem_Code=C1&logpath=1&stext=developer&listno=176
부경대학교산학협력단, 신입·경력, 대졸↑, 부산 남구 외, https://www.jobkorea.co.kr/Recruit/GI_Read/40142397?Oem_Code=C1&logpath=1&stext=developer&listno=177
더이앤엠, 경력8년↑, 학력무관, 서울 서초구 외, https://www.jobkorea.co.kr/Recruit/GI_Read/40142453?Oem_Code=C1&logpath=1&stext=developer&listno=178
현대이지웰, 신입·경력, 대졸↑, 서울 서대문구, https://www.jobkorea.co.kr/Recruit/GI_Read/40140808?Oem_Code=C1&logpath=1&stext=developer&listno=179
플레이오토, 신입·경력3년↑, 대졸↑, 서울 구로구, https://www.jobkorea.co.kr/Recruit/GI_Read/40130209?Oem_Code=C1&logpath=1&stext=developer&listno=180
㈜민병철교육그룹, 경력3년↑, 학력무관, 서울 강남구, https://www.jobkorea.co.kr/Recruit/GI_Read/40125732?Oem_Code=C1&logpath=1&stext=developer&listno=181
㈜엔씨소프트, 경력3년↑, 학력무관, 경기 성남시, https://www.jobkorea.co.kr/Recruit/GI_Read/40116126?Oem_Code=C1&logpath=1&stext=developer&listno=182
㈜소만사, 경력무관, 초대졸↑, 서울 영등포구, https://www.jobkorea.co.kr/Recruit/GI_Read/40102475?Oem_Code=C1&logpath=1&stext=developer&listno=183
㈜포스토피아, 경력무관, 학력무관, 서울 광진구 외, https://www.jobkorea.co.kr/Recruit/GI_Read/40099689?Oem_Code=C1&logpath=1&stext=developer&listno=184
㈜아이씨비, 경력2년↑, 학력무관, 서울 마포구 외, https://www.jobkorea.co.kr/Recruit/GI_Read/40092513?Oem_Code=C1&logpath=1&stext=developer&listno=185
펜타시큐리티시스템, 신입·경력, 학력무관, 서울 영등포구, https://www.jobkorea.co.kr/Recruit/GI_Read/40091351?Oem_Code=C1&logpath=1&stext=developer&listno=186
펜타시큐리티시스템, 신입·경력, 학력무관, 서울 영등포구, https://www.jobkorea.co.kr/Recruit/GI_Read/40091208?Oem_Code=C1&logpath=1&stext=developer&listno=187
㈜아이비에스, 신입·경력, 초대졸↑, 대전 유성구 외, https://www.jobkorea.co.kr/Recruit/GI_Read/40079017?Oem_Code=C1&logpath=1&stext=developer&listno=188
㈜인라이플, 경력, 학력무관, 서울 구로구 외, https://www.jobkorea.co.kr/Recruit/GI_Read/40078022?Oem_Code=C1&logpath=1&stext=developer&listno=189
㈜인라이플, 경력, 학력무관, 서울 구로구 외, https://www.jobkorea.co.kr/Recruit/GI_Read/40077872?Oem_Code=C1&logpath=1&stext=developer&listno=190
㈜리플렉션, 경력3년↑, 학력무관, 서울 서초구 외, https://www.jobkorea.co.kr/Recruit/GI_Read/40055744?Oem_Code=C1&logpath=1&stext=developer&listno=191
㈜네오리진, 경력5년↑, 초대졸↑, 서울 강남구 외, https://www.jobkorea.co.kr/Recruit/GI_Read/40042459?Oem_Code=C1&logpath=1&stext=developer&listno=192
㈜컴투스, 경력3년↑, 학력무관, 서울 금천구, https://www.jobkorea.co.kr/Recruit/GI_Read/40012178?Oem_Code=C1&logpath=1&stext=developer&listno=193
알라딘글로벌알앤디센터, 경력10년↑, 학력무관, 서울 강남구, https://www.jobkorea.co.kr/Recruit/GI_Read/40005286?Oem_Code=C1&logpath=1&stext=developer&listno=194
㈜동화세상에듀코, 신입·경력, 초대졸↑, 서울 동대문구, https://www.jobkorea.co.kr/Recruit/GI_Read/40003480?Oem_Code=C1&logpath=1&stext=developer&listno=195
㈜큐엠씨, 경력, 대졸↑, 경기 안양시, https://www.jobkorea.co.kr/Recruit/GI_Read/40001089?Oem_Code=C1&logpath=1&stext=developer&listno=196
㈜메타엠, 경력무관, 학력무관, 서울 중구 외, https://www.jobkorea.co.kr/Recruit/GI_Read/39993153?Oem_Code=C1&logpath=1&stext=developer&listno=197
메가스터디교육㈜, 경력10년↑, 학력무관, 서울 서초구 외, https://www.jobkorea.co.kr/Recruit/GI_Read/39992282?Oem_Code=C1&logpath=1&stext=developer&listno=198
메가스터디교육㈜, 경력2년↑, 학력무관, 서울 서초구 외, https://www.jobkorea.co.kr/Recruit/GI_Read/39992243?Oem_Code=C1&logpath=1&stext=developer&listno=199
YES24㈜, 경력2년↑, 초대졸↑, 서울 영등포구, https://www.jobkorea.co.kr/Recruit/GI_Read/39989670?Oem_Code=C1&logpath=1&stext=developer&listno=200
